Iteration,a,b,c,R2,RMSE,MAE,Lmin,Recipe_Length_Groups
1,13.110225880113804,-0.2593090402473163,-0.019492285445922602,0.9851149454467439,0.07559999607053078,0.06197921002624618,13.3,25
2,13.425937654277634,-0.2764992064984075,-0.02077188910696597,0.9898218691983481,0.0678804839822127,0.05461401025655325,13.3,24
3,13.262436327003645,-0.2625378716846354,-0.01908594635866452,0.9763679895560133,0.10029079340887911,0.0795205660371375,13.8,25
4,12.949490828992651,-0.24745473961765516,-0.01811763370371859,0.9781286372532517,0.08832461086539124,0.07098793421614283,13.6,26
5,13.13466988223282,-0.26012517755200243,-0.019419784538253784,0.9845479304653543,0.0776865263896447,0.06774132662362156,13.4,25
6,13.288218054661534,-0.2683386645363673,-0.020121890429186745,0.9885193663630791,0.0688845227783473,0.060008951116578405,13.3,25
7,13.244053228503724,-0.2661596324775561,-0.019846090037015974,0.9897038963030542,0.06606822641516327,0.05601020638169851,13.4,24
8,13.333874067442625,-0.27075325533500655,-0.020169078905306264,0.9910091297298426,0.061744174638198715,0.05366935552996246,13.4,25
9,12.817692411088656,-0.2394263442453082,-0.017341245330377484,0.9809509362063766,0.0803059282793041,0.06678290392413708,13.8,26
10,13.166498282647101,-0.2599322106549334,-0.019116722696762695,0.9876420263355841,0.07042239180478878,0.057561352334857076,13.6,25
11,13.071421071412425,-0.25454200987198966,-0.018719546111768737,0.9838860305690641,0.0775354454281499,0.06516131910169004,13.6,26
12,13.0514890917731,-0.256234861294858,-0.0191357921314866,0.9853623348561826,0.07431881067563881,0.06058690264111256,13.4,25
13,13.117520101747912,-0.2571699805276365,-0.018878626828876192,0.9806737321406782,0.08923922683205932,0.07276792944982342,13.6,24
14,13.148871877610814,-0.25911015333051424,-0.01908552155194007,0.9892955420253724,0.0651154010192121,0.0588130570498516,13.6,25
15,13.337877284362497,-0.26711053039893695,-0.01945205954874436,0.9865530691505384,0.07645766936728073,0.06903303387808726,13.7,25
16,13.113304660019391,-0.2571635556808548,-0.01894447987837127,0.9822913204916421,0.08342547882054302,0.07129776565288935,13.6,25
17,13.346597086434409,-0.2715206005180804,-0.020328189140711217,0.990430893011556,0.0636616838822735,0.05425570915587649,13.4,25
18,13.393297907079225,-0.27212428589031207,-0.020116438890582573,0.9902396415295619,0.06529013773601818,0.05556962004836386,13.5,25
19,13.631168060007814,-0.28374292388096845,-0.021000844983715402,0.9897968201701043,0.06865915256235586,0.059942242804154396,13.5,26
20,13.132882058243416,-0.2609747268423106,-0.019567167671554832,0.9917678412827595,0.056570665460566126,0.04578960036272832,13.3,25
21,13.058793637895585,-0.25332472405184187,-0.018491866983460028,0.9855762582678781,0.07465883538150822,0.06286410692265576,13.7,25
22,13.090055833593484,-0.25758844044520024,-0.01915702365992349,0.9879362317747464,0.06936356400776149,0.059497642737565005,13.4,24
23,13.210537992191124,-0.2658623452823465,-0.020014388052303406,0.9904644311651283,0.06173983120287442,0.052454481316702654,13.3,25
24,13.311856974733965,-0.2705570833079816,-0.020369500645193318,0.9899785297290139,0.06570560847994328,0.05645599482802188,13.3,24
25,13.315408844902931,-0.2702829792823259,-0.020294218508828222,0.9909071553287987,0.06153091900554922,0.05087499320910936,13.3,25
26,13.143620212797755,-0.25751134595511316,-0.01890711106060528,0.9823031617107119,0.0824697561619375,0.06734457846453407,13.6,26
27,13.09826823708631,-0.25450347613191504,-0.018452883342612008,0.9803217671436094,0.08851945223858147,0.07327695634806496,13.8,25
28,13.212590728403017,-0.2666416642397273,-0.020211890011263577,0.9872766523283968,0.07242622617716532,0.06021777274914708,13.2,24
29,13.218335347592268,-0.2620074119338347,-0.0191920936185268,0.9853711416427277,0.07779648379614638,0.06000344912232187,13.6,25
30,13.390654417560814,-0.2779471100223999,-0.02132163955535353,0.9955892690808605,0.04379427853871749,0.03706061627033826,13.0,24
31,13.306477408148453,-0.269458745074514,-0.02013598377167557,0.9908485183421135,0.061827930924395154,0.05420908676702297,13.4,25
32,13.022381942566136,-0.2547155938586361,-0.019091564665107252,0.985561684252649,0.07198863968708856,0.05992756214603802,13.3,26
33,13.172935926832483,-0.2594258570608593,-0.018996469482424685,0.9863815713756473,0.07286550161031755,0.06050517196478296,13.6,26
34,13.179100342994237,-0.26597297956544114,-0.0201629185373636,0.9910550440769911,0.05925817163755222,0.050909260356088455,13.2,25
35,13.003131382359003,-0.25293065768818246,-0.018756506227737,0.9860738154692329,0.07197882635922646,0.060911072187560006,13.5,25
36,12.935958823795682,-0.24926432448052327,-0.018528119677772473,0.9886880612277877,0.06367151636201783,0.05169045365086873,13.4,25
37,13.34562273717082,-0.26934980404876685,-0.01986763579035583,0.9874641519431574,0.07337475439407212,0.06326331468361268,13.6,25
38,13.06703993585443,-0.25514118731506225,-0.018792813441053248,0.983318568181185,0.08021142499920836,0.06373047116291915,13.6,25
39,13.225690210973278,-0.26572511828266915,-0.01991321154791571,0.9883626653694133,0.06855197247222644,0.057615185252124446,13.3,25
40,12.895723757202028,-0.2463905591010656,-0.018185246379010707,0.9779539653758443,0.08739172202185533,0.06494974210618515,13.6,26
41,13.152209116860858,-0.2610625372755809,-0.019488358560911977,0.9910705586527856,0.05907136710004409,0.049163029484725486,13.4,25
42,13.009397551528384,-0.2543896618066478,-0.019060172746660956,0.9878800649469046,0.06687229073560588,0.05036212647671498,13.3,25
43,13.021095196686858,-0.2538348925574035,-0.01888827035911859,0.9827904413577037,0.08027602496757973,0.06787472617020356,13.4,25
44,12.827299663782696,-0.2445921209073657,-0.01833159952502081,0.985938095592974,0.07036760311859573,0.058899514755346084,13.3,24
45,13.052023973281848,-0.25316204692470773,-0.018600262128311874,0.9807608159153481,0.0845194648426027,0.06955422372667061,13.6,26
46,13.154512551645702,-0.2633896694896468,-0.019869173650826705,0.9903058795142543,0.06148366445916294,0.050173748742923366,13.3,25
47,13.068249266620363,-0.25524115376250844,-0.018884433585141042,0.9869985652665487,0.0704166482508711,0.06283263263378736,13.5,25
48,13.232133277510668,-0.2677919092595888,-0.020259062629305193,0.9914750767364297,0.0595568737330336,0.05290130533125933,13.2,24
49,13.101638454302213,-0.26080188756256534,-0.01964322515249826,0.9911567311150689,0.05917081133048747,0.047091644071015105,13.3,24
50,13.142963927628916,-0.26090206546221334,-0.019525948698102556,0.9895262781597369,0.06397052488540068,0.04987188870374034,13.4,25
51,13.252134746103732,-0.26755935533022346,-0.020084946291270445,0.991857536106632,0.05754270029016167,0.04999384722701059,13.3,25
52,13.112940494988097,-0.2573888958693237,-0.019018109567001965,0.9891846781847962,0.06486691170562385,0.054843761973967134,13.5,25
53,13.034637664799753,-0.2526007496045983,-0.018560780104971218,0.9813812517726634,0.08429561127607003,0.0657506193495675,13.6,25
54,13.125762864156103,-0.25850860115004554,-0.0191591088666985,0.9857395549837603,0.07465116004413097,0.06408115894249043,13.5,25
55,13.33669367619892,-0.2732703733284226,-0.02078279610825934,0.9894136138942643,0.06760946475622231,0.0585713927416421,13.1,24
56,13.201517866723947,-0.2651998149342407,-0.0199166278961622,0.9881254000175423,0.06893507492121101,0.061101331928812785,13.3,25
57,13.18163952734089,-0.2600529230549851,-0.019105488368050573,0.9839839727003958,0.08045843534641554,0.06262342015846535,13.6,25
58,13.082805593232905,-0.2553562689811924,-0.018783172041762636,0.9844572079609553,0.07633414094056212,0.06396224374760064,13.6,26
59,13.181236192938,-0.263229437349017,-0.01969202352057324,0.9895601539637071,0.06435329675323939,0.05644487120367721,13.4,25
60,13.184712075775447,-0.2614868784228445,-0.01934852338065802,0.9865243852656973,0.07357048465274076,0.06365079160633812,13.5,25
61,13.213989705764769,-0.26565761592185283,-0.019924720873733148,0.9908186840249854,0.05984010066251481,0.050490769558314295,13.3,26
62,13.166834888310692,-0.2576113993265203,-0.018698244653284218,0.9857805976107492,0.07466001965122317,0.06267474788946305,13.8,26
63,13.095186845716281,-0.2572304170286239,-0.01907035610537158,0.9828879326111153,0.08152008315866363,0.06624901721782919,13.5,25
64,13.204533903404151,-0.2658680795409462,-0.02015770179377076,0.9918470092877629,0.05770514862560762,0.048082933089732625,13.2,24
65,13.133059270155869,-0.26041427246279264,-0.019507312387325094,0.9850077319710553,0.07638863196878777,0.06707003715650145,13.3,25
66,12.777240548155262,-0.23801421704795114,-0.0173476724977811,0.9711875072636931,0.09801486404941401,0.07577222890935485,13.7,26
67,13.140516887117883,-0.26069310505088683,-0.019477396655956384,0.9865233638470294,0.07261283436071136,0.06510207530214657,13.4,25
68,12.955717712969049,-0.2524099880210306,-0.018922932731811733,0.9886937960444976,0.06387048565896865,0.05555023308175002,13.3,25
69,13.054576131097965,-0.25972970942562906,-0.019833676265911183,0.9903546239851574,0.06071568375763697,0.04698807510513866,13.1,24
70,13.194856113099041,-0.26550135002328484,-0.020073258727754253,0.9899570615582535,0.06299079577086032,0.05060264532187333,13.2,25
71,13.220649037329782,-0.262340674756922,-0.01932317558615755,0.9865139022346026,0.07430812462482085,0.06100703834610918,13.6,25
72,13.130997205621819,-0.25925676264098596,-0.019283238021837196,0.9855489744634724,0.0751599058285844,0.06580234532338224,13.4,25
73,13.169750066782292,-0.26171442050670235,-0.019468499462111825,0.9901512179284866,0.06365427030045619,0.05608572029853098,13.4,24
74,13.359541468345315,-0.2731869233057409,-0.020539949189884246,0.9885222331587074,0.0698675017614067,0.06314200609343253,13.3,25
75,13.043440886705522,-0.25398570963227546,-0.018732427728046095,0.9823645983945662,0.08067826980237504,0.06011718854368963,13.6,26
76,13.076363553398004,-0.25530262763122663,-0.01881715939029109,0.98701654674105,0.07068045909214847,0.06288364188860804,13.6,25
77,12.989792885353754,-0.2513284558802995,-0.018548877021196914,0.9861710101269306,0.0716157239509702,0.0597335112947075,13.6,25
78,13.07432737155836,-0.25522215276120264,-0.018782229079607245,0.98477186496436,0.07817634526580289,0.06501384031640023,13.6,24
79,13.216266506229783,-0.26668404959535436,-0.020119834225042942,0.9899764640896009,0.06446729563678577,0.04967594533344092,13.3,24
80,13.056564755918465,-0.2504880222957335,-0.017946814900258637,0.9775779448487899,0.09252397136722605,0.07672885134378835,13.9,26
81,13.126368335034284,-0.25776247293940646,-0.018972393247248504,0.9846993030937201,0.0778080768695341,0.06719274526736604,13.6,25
82,13.091172266065838,-0.25721877052202063,-0.019097904620963876,0.9801181470222737,0.08953174155212562,0.07499038032966417,13.4,24
83,12.979539361714773,-0.25243231621218376,-0.01880709120822469,0.9877349565369067,0.06599745891812514,0.0562721863929702,13.4,26
84,13.106086667927014,-0.2532468099842908,-0.018239201617360062,0.9783810804047622,0.09142963200424593,0.0771718519697617,13.9,26
85,13.113842467951871,-0.2596903195492638,-0.019470023594047516,0.9888102520213558,0.06563619533002853,0.0562411029382411,13.3,25
86,13.27564731136835,-0.26606378869230246,-0.019671712124722022,0.9852433889032433,0.07858036317182798,0.06062280836775656,13.5,25
87,13.055136743980073,-0.25288104507365256,-0.018419007039066435,0.9858584992388209,0.07397711993176498,0.06545010795032986,13.7,25
88,13.247971359210188,-0.2698566957480312,-0.02060621560380471,0.992963742317676,0.05394569638118939,0.04582316283432375,13.1,24
89,13.179153877483053,-0.25988731264619225,-0.0190881125178077,0.9854592141586583,0.0753333169951573,0.06792957480094983,13.6,26
90,13.260859456732344,-0.2662244624357731,-0.01978632320672261,0.9919525009071097,0.05755783577878542,0.049679867934399054,13.4,25
91,13.044760154186264,-0.2560876267236865,-0.01909277636670058,0.9915668801758707,0.056288217791212486,0.04872471503108862,13.4,25
92,13.088284089772582,-0.2539392843127646,-0.018533559425965386,0.9838237716334832,0.07811287734836884,0.06500096818765495,13.7,26
93,13.085471524577608,-0.2559432751075018,-0.01887473331253623,0.9840366640732403,0.0787166219151292,0.0633922695682957,13.6,25
94,13.290045655884354,-0.2696124965729536,-0.020356678832868402,0.9909321641819693,0.062091903276787326,0.05400224448235543,13.3,24
95,13.271924857334103,-0.2693162339906411,-0.02023497943290202,0.9892189572685782,0.06685058823951401,0.05724945685145066,13.3,25
96,13.077024223087744,-0.25170124464683663,-0.01800445840646217,0.9789568331398325,0.09011783632399137,0.07752358130180105,14.0,26
97,13.209940140198501,-0.26434098928637006,-0.019723173923679053,0.98731652753998,0.07148877634120933,0.059563982291137595,13.4,25
98,13.029245219725436,-0.2520435208487632,-0.018461702023294776,0.9825182802730281,0.08027461715157827,0.06801366581927876,13.6,26
99,13.214166352814637,-0.26381377932212224,-0.019598905091956626,0.9860258669706291,0.07532326424392995,0.06429909614401907,13.4,25
100,13.25867264830589,-0.2680186567187127,-0.020190181949724446,0.9896229201309579,0.06493372878446414,0.05349148537216855,13.3,25
